{"accuracy": 0.8641571194762684, "precision": 0.7357142857142858, "recall": 0.44396551724137934, "f1_score": 0.5537634408602151}